"https://raw.githubusercontent.com/rbsilva/tc-alr/master/doc/#TC.uml",,,64,64
"https://raw.githubusercontent.com/yano2h/TESIS/master/Modelos/DS.uml",,,65,65
"https://raw.githubusercontent.com/quartz12345/c/master/docs/flow.uml",,,65,65
"https://raw.githubusercontent.com/hlgranite/NisanWeb/master/NisanWeb.UML/model/default.uml",,,69,69
"https://raw.githubusercontent.com/hlgranite/NisanWeb/master/NisanWeb.UML/model/main.uml",,,69,69
"https://raw.githubusercontent.com/mquinson/simgrid/master/doc/surf++.uml",,,69,69
"https://raw.githubusercontent.com/arcemu/arcemu/master/docs/UML/Atomics.uml",,,72,72
"https://raw.githubusercontent.com/whille/mydoc/master/NewsViewer.design.uml",,,72,72
"https://raw.githubusercontent.com/minlwin/mmju/master/Opportunity/model.uml",,,72,72
"https://raw.githubusercontent.com/koszal/agh-birds-android/master/art/My.uml",,,73,73
"https://raw.githubusercontent.com/projetp1/Frontend/master/projetp1/model.uml",,,74,74
"https://raw.githubusercontent.com/cbsrbiobank/biobank/master/model/biobank.uml",,,75,75
"https://raw.githubusercontent.com/edna-site/edna/master/mxv2/datamodel/MXv2.uml",,,76,76
"https://raw.githubusercontent.com/GabrielDiniz/flux/master/documentacao/Nfe.uml",,,76,76
"https://raw.githubusercontent.com/yano2h/TESIS/master/Modelos/DiagramaClases.uml",,,77,77
"https://raw.githubusercontent.com/Dolibarr/dolibarr/develop/dev/uml/dolibarr.uml",,,77,77
"https://raw.githubusercontent.com/freedomson/pliik/master/src/uml/pic/system.uml.svg",,,77,77
"https://raw.githubusercontent.com/mrquincle/aim_modules/master/docs/UML/model.uml",,,78,78
"https://raw.githubusercontent.com/JonasThomas/free-cad/master/src/Doc/FreeCAD.uml",,,78,78
"https://raw.githubusercontent.com/lorneliechty/ghi/master/docs/DesignDiagrams.uml",,,78,78
"https://raw.githubusercontent.com/yano2h/TESIS/master/Modelos/casos_de_uso_req.uml",,,79,79
"https://raw.githubusercontent.com/yano2h/TESIS/master/Modelos/casos_de_uso_scm.uml",,,79,79
"https://raw.githubusercontent.com/yorikvanhavre/FreeCAD/master/src/Doc/FreeCAD.uml",,,79,79
"https://raw.githubusercontent.com/tille/Computer-Graphic/master/tripi/doc/tripi.uml",,,80,80
"https://raw.githubusercontent.com/shentok/marble/master/docs/projects/gps/marble.uml",,,81,81
"https://raw.githubusercontent.com/borc/usaproxy-tools/master/docs/uml/usaproxydb.uml",,,81,81
"https://raw.githubusercontent.com/g-alonso/design-patterns/master/Visitor/visitor.uml",,,82,82
"https://raw.githubusercontent.com/ssw-parser/SSW_Parser/master/doc/UML/SSW_Parser.uml",,,82,82
"https://raw.githubusercontent.com/nfroidure/TankArena/master/uml/GameEngine.zargo.uml",,,82,82
"https://raw.githubusercontent.com/wamp-proto/wamp-proto/master/rfc/diagrams/abort.uml",,,82,82
"https://raw.githubusercontent.com/wamp-proto/wamp-proto/master/rfc/diagrams/hello.uml",,,82,82
"https://raw.githubusercontent.com/edna-site/edna/master/mxv1/datamodel/XSDataMXv1.uml",,,82,82
"https://raw.githubusercontent.com/yano2h/TESIS/master/Modelos/DS_Asignar_Solicitud.uml",,,83,83
"https://raw.githubusercontent.com/goro-dev/goro/master/doc/plantuml/class-overview.uml",,,83,83
"https://raw.githubusercontent.com/yano2h/TESIS/master/Modelos/DS_Comentar_Solicitud.uml",,,84,84
"https://raw.githubusercontent.com/wamp-proto/wamp-proto/master/rfc/diagrams/calling.uml",,,84,84
"https://raw.githubusercontent.com/wamp-proto/wamp-proto/master/rfc/diagrams/publish.uml",,,84,84
"https://raw.githubusercontent.com/proskor/cft-integration/master/ea-fel/model/model.uml",,,84,84
"https://raw.githubusercontent.com/yano2h/TESIS/master/Modelos/DS_Gestionar_Solicitud.uml",,,85,85
"https://raw.githubusercontent.com/kef/hieos/master/src/xdsbridge/documents/XDSBridge.uml",,,85,85
"https://raw.githubusercontent.com/g-alonso/design-patterns/master/Composite/composite.uml",,,86,86
"https://raw.githubusercontent.com/g-alonso/design-patterns/master/Decorator/decorator.uml",,,86,86
"https://raw.githubusercontent.com/g-alonso/design-patterns/master/Singleton/singleton.uml",,,86,86
"https://raw.githubusercontent.com/kef/hieos/master/doc/wikicontent/architecture/hieos.uml",,,86,86
"https://raw.githubusercontent.com/wamp-proto/wamp-proto/master/rfc/diagrams/subscribe.uml",,,86,86
"https://raw.githubusercontent.com/edna-site/edna/master/kernel/datamodel/XSDataCommon.uml",,,86,86
"https://raw.githubusercontent.com/freedomson/pliik/master/src/app/tutorial/uml/system.uml.svg",,,86,86
"https://raw.githubusercontent.com/wamp-proto/wamp-proto/master/rfc/diagrams/closing_01.uml",,,87,87
"https://raw.githubusercontent.com/wamp-proto/wamp-proto/master/rfc/diagrams/closing_02.uml",,,87,87
"https://raw.githubusercontent.com/JonasThomas/free-cad/master/src/Doc/PythonClassModel.uml",,,87,87
"https://raw.githubusercontent.com/borc/usaproxy-tools/master/docs/uml/usaproxylogparser.uml",,,88,88
"https://raw.githubusercontent.com/wamp-proto/wamp-proto/master/rfc/diagrams/registering.uml",,,88,88
"https://raw.githubusercontent.com/yorikvanhavre/FreeCAD/master/src/Doc/PythonClassModel.uml",,,88,88
"https://raw.githubusercontent.com/C204-242-DJSMT/Assignment-1/master/Janik Singh/Diagram.uml",,,89,89
"https://raw.githubusercontent.com/mdelrosso/testing/master/PHP/PracticasUML/practico5/uml.uml",,,90,90
"https://raw.githubusercontent.com/mdelrosso/testing/master/PHP/PracticasUML/practico6/uml.uml",,,90,90
"https://raw.githubusercontent.com/Raftel/Lplus/master/LplusFramework/docs/Lplus Framework.uml",,,90,90
"https://raw.githubusercontent.com/murad073/SmartAccount/master/Project Source/trunk/SOLVE.UML.Dependencies/ModelDefinition/SOLVE.UML.Dependencies.uml",,,90,90
"https://raw.githubusercontent.com/wamp-proto/wamp-proto/master/rfc/diagrams/authentication.uml",,,91,91
"https://raw.githubusercontent.com/wamp-proto/wamp-proto/master/rfc/diagrams/call_canceling.uml",,,91,91
"https://raw.githubusercontent.com/edna-site/edna/master/kernel/datamodel/XSDPrimitiveTypes.uml",,,91,91
"https://raw.githubusercontent.com/ObeoNetwork/SysML-Designer/master/lib/org.eclipse.papyrus.uml.extensionpoints/icons/uml.gif",,,92,92
"https://raw.githubusercontent.com/HUSACCT/HUSACCT/master/doc/system/define/StarUml diagrams.uml",,,92,92
"https://raw.githubusercontent.com/wamp-proto/wamp-proto/master/rfc/diagrams/progressive_call.uml",,,93,93
"https://raw.githubusercontent.com/murad073/SmartAccount/master/Project Source/trunk/UMLs/BLL.UML/ModelDefinition/BLL.UML.uml",,,93,93
"https://raw.githubusercontent.com/murad073/SmartAccount/master/Project Source/trunk/UMLs/GKS.UML/ModelDefinition/GKS.UML.uml",,,93,93
"https://raw.githubusercontent.com/murad073/SmartAccount/master/Project Source/trunk/UMLs/GKS.UML/ModelDefinition/Package_2246.uml",,,93,93
"https://raw.githubusercontent.com/borc/usaproxy-tools/master/docs/uml/usaproxyreportgenerator.uml",,,94,94
"https://raw.githubusercontent.com/C204-242-DJSMT/Assignment-1/master/Janik Singh/Class Diagram.uml",,,95,95
"https://raw.githubusercontent.com/lbayle/codev/master/doc/architecture/TopCased/Models/CodevTT.uml",,,95,95
"https://raw.githubusercontent.com/openstreetmap/josm-plugins/master/videomapping/uml/oldConcept.uml",,,96,96
"https://raw.githubusercontent.com/arcemu/arcemu/master/docs/UML/Login process/idealloginprocess.uml",,,96,96
"https://raw.githubusercontent.com/mdelrosso/testing/master/PHP/PracticasUML/practico4/practico4.uml",,,96,96
"https://raw.githubusercontent.com/Mach-II/Mach-II-Framework/master/1-6-0/trunk/uml/MachII_1-6-0.uml",,,96,96
"https://raw.githubusercontent.com/Mach-II/Mach-II-Framework/master/1-6-1/trunk/uml/MachII_1-6-0.uml",,,96,96
"https://raw.githubusercontent.com/Mach-II/Mach-II-Framework/master/1-8-0/trunk/uml/MachII_1-6-0.uml",,,96,96
"https://raw.githubusercontent.com/Mach-II/Mach-II-Framework/master/1-8-1/trunk/uml/MachII_1-6-0.uml",,,96,96
"https://raw.githubusercontent.com/openstreetmap/josm-plugins/master/videomapping/uml/refactoring.uml",,,97,97
"https://raw.githubusercontent.com/C204-242-DJSMT/Assignment-1/master/DuncanWillcock/object model.uml",,,97,97
"https://raw.githubusercontent.com/graemeg/lazarus/master/components/fpvectorial/docs/fpvectorial.uml",,,97,97
"https://raw.githubusercontent.com/g-alonso/design-patterns/master/AbstractFactory/AbstractFactory.uml",,,98,98
"https://raw.githubusercontent.com/osate/osate2-core/master/org.osate.aadl2.metamodel/Models/AADL2.uml",,,98,98
"https://raw.githubusercontent.com/C204-242-DJSMT/Assignment-1/master/DuncanWillcock/class diagram.uml",,,98,98
"https://raw.githubusercontent.com/jenkinsci/testlink-plugin/master/src/documents/TestLink Plug-in.uml",,,98,98
"https://raw.githubusercontent.com/Mach-II/Mach-II-Framework/master/1-6-0/tags/rc1/uml/MachII_1-6-0.uml",,,99,99
"https://raw.githubusercontent.com/Mach-II/Mach-II-Framework/master/1-6-0/tags/rc2/uml/MachII_1-6-0.uml",,,99,99
"https://raw.githubusercontent.com/Mach-II/Mach-II-Framework/master/1-8-0/tags/rc1/uml/MachII_1-6-0.uml",,,99,99
"https://raw.githubusercontent.com/Mach-II/Mach-II-Framework/master/1-8-0/tags/rc2/uml/MachII_1-6-0.uml",,,99,99
"https://raw.githubusercontent.com/Mach-II/Mach-II-Framework/master/1-6-0/tags/beta/uml/MachII_1-6-0.uml",,,100,100
"https://raw.githubusercontent.com/C204-242-DJSMT/Assignment-1/master/Groupwork/unified class diagram.uml",,,101,101
"https://raw.githubusercontent.com/mdelrosso/testing/master/PHP/PracticasUML/practico7/diagrama_clase.uml",,,101,101
"https://raw.githubusercontent.com/Mach-II/Mach-II-Framework/master/1-6-0/tags/final/uml/MachII_1-6-0.uml",,,101,101
"https://raw.githubusercontent.com/Mach-II/Mach-II-Framework/master/1-6-1/tags/final/uml/MachII_1-6-0.uml",,,101,101
"https://raw.githubusercontent.com/Mach-II/Mach-II-Framework/master/1-8-0/tags/beta1/uml/MachII_1-6-0.uml",,,101,101
"https://raw.githubusercontent.com/Mach-II/Mach-II-Framework/master/1-8-0/tags/final/uml/MachII_1-6-0.uml",,,101,101
"https://raw.githubusercontent.com/Mach-II/Mach-II-Framework/master/1-8-1/tags/final/uml/MachII_1-6-0.uml",,,101,101
"https://raw.githubusercontent.com/g-alonso/design-patterns/master/Strategy_Template/Strategy/strategy.uml",,,102,102
"https://raw.githubusercontent.com/g-alonso/design-patterns/master/Strategy_Template/Template/template.uml",,,102,102
"https://raw.githubusercontent.com/osate/osate2-core/master/org.osate.aadl2.metamodel/Models/AADL2.EMF.uml",,,102,102
"https://raw.githubusercontent.com/lbayle/codev/master/doc/architecture/TopCased/Models/genericModeling.uml",,,103,103
"https://raw.githubusercontent.com/escidoc/escidoc-core/master/doc/pdfdoclet/doc-files/st/UploadStaging.uml",,,103,103
"https://raw.githubusercontent.com/oliverfields/reqy/master/requirements/unittests/documents/class/apple.uml",,,104,104
"https://raw.githubusercontent.com/lbayle/codev/master/doc/architecture/TopCased/Models/profiles_n-tiers.uml",,,104,104
"https://raw.githubusercontent.com/ujhelyiz/EMF-IncQuery-Examples/master/papyrus-uml/hu.bme.mit.examples.uml.instances/alternative/model.uml",,,104,104
"https://raw.githubusercontent.com/ujhelyiz/EMF-IncQuery-Examples/master/papyrus-uml/hu.bme.mit.examples.uml.instances/empty-classes.uml",,,104,104
"https://raw.githubusercontent.com/ujhelyiz/EMF-IncQuery-Examples/master/papyrus-uml/hu.bme.mit.examples.uml.instances/imported/model.uml",,,104,104
"https://raw.githubusercontent.com/ujhelyiz/EMF-IncQuery-Examples/master/papyrus-uml/hu.bme.mit.examples.uml.instances/model.uml",,,104,104
"https://raw.githubusercontent.com/ujhelyiz/EMF-IncQuery-Examples/master/papyrus-uml/hu.bme.mit.examples.uml.trace.model.editor/icons/full/obj16/UmlTraceModelFile.gif",,,104,104
"https://raw.githubusercontent.com/ujhelyiz/EMF-IncQuery-Examples/master/papyrus-uml/hu.bme.mit.examples.uml.trace.model.editor/icons/full/wizban/NewUmlTrace.gif",,,104,104
"https://raw.githubusercontent.com/ecell/ecell3/master/ecell/frontend/model-editor/doc/pathwayeditor_plan.uml",,,105,105
"https://raw.githubusercontent.com/escidoc/escidoc-core/master/doc/pdfdoclet/doc-files/aa/CallingSequence.uml",,,105,105
"https://raw.githubusercontent.com/halllo/MTSS12/master/source/Modeling/Modeling/ModelDefinition/Modeling.uml",,,105,105
"https://raw.githubusercontent.com/Mach-II/Mach-II-Framework/master/1-9-0/tags/milestone1/uml/MachII_1-6-0.uml",,,106,106
"https://raw.githubusercontent.com/Mach-II/Mach-II-Framework/master/1-9-0/tags/milestone2/uml/MachII_1-6-0.uml",,,106,106
"https://raw.githubusercontent.com/osate/osate2-core/master/org.osate.aadl2.metamodel/Models/AADL2.INSTANCE.uml",,,107,107
"https://raw.githubusercontent.com/scottyinthematrix/ScottyBlogging/master/Modeling/ModelDefinition/Modeling.uml",,,108,108
"https://raw.githubusercontent.com/osate/osate2-core/master/org.osate.aadl2.metamodel/Models/AADL2.EMF.merged.uml",,,109,109
"https://raw.githubusercontent.com/carlos-olr/artigo-tdl-fatec-sjc/master/LojaDeFlores/bin/resources/LojaFlor.uml",,,109,109
"https://raw.githubusercontent.com/carlos-olr/artigo-tdl-fatec-sjc/master/LojaDeFlores/src/resources/LojaFlor.uml",,,109,109
"https://raw.githubusercontent.com/jdkoftinoff/mb-linux-msli/master/uClinux-dist/openswan/docs/HACKING/README.UML",,,109,109
"https://raw.githubusercontent.com/edna-site/edna/master/sandbox/TestTransformations/XSDataTestTransformation.uml",,,109,109
"https://raw.githubusercontent.com/escidoc/escidoc-core/master/doc/pdfdoclet/doc-files/control/control_classes.uml",,,110,110
"https://raw.githubusercontent.com/csrg-utfsm/acscb/master/ACS/LGPL/CommonSoftware/codegen/test/ALMA_Subsystem.uml",,,110,110
"https://raw.githubusercontent.com/DawnScience/dawn-common/master/org.dawnsci.persistence/resource/uml/masking.uml",,,110,110
"https://raw.githubusercontent.com/JoeHosman/HTA/master/src/HTA/HTA.DesignModel/ModelDefinition/HTA.DesignModel.uml",,,111,111
"https://raw.githubusercontent.com/djpnewton/beaverbot/master/diagnostic/cs_usb_hid/usb hid/documentation/Design.uml",,,112,112
"https://raw.githubusercontent.com/mdelrosso/testing/master/PHP/PracticasUML/practico4/db/diagrama_base_de_datos.uml",,,112,112
"https://raw.githubusercontent.com/medcl/elasticsearch-analysis-ik/master/src/main/uml/IKAnalysisBinderProcessor.uml",,,112,112
"https://raw.githubusercontent.com/c-a-m/passfault/master/core/src/main/java/org/owasp/passfault/PasswordFinders.uml",,,112,112
"https://raw.githubusercontent.com/xbadcode/Rubezh/master/Projects/OLD/ServerFS2/USB/usb hid/documentation/Design.uml",,,113,113
"https://raw.githubusercontent.com/yspxman/CSharpConsoleDemos/master/PatternDiagrams/ModelDefinition/Package_0039.uml",,,113,113
"https://raw.githubusercontent.com/yspxman/CSharpConsoleDemos/master/PatternDiagrams/ModelDefinition/Package_1528.uml",,,113,113
"https://raw.githubusercontent.com/yspxman/CSharpConsoleDemos/master/PatternDiagrams/ModelDefinition/Package_1549.uml",,,113,113
"https://raw.githubusercontent.com/yspxman/CSharpConsoleDemos/master/PatternDiagrams/ModelDefinition/Package_1629.uml",,,113,113
"https://raw.githubusercontent.com/Mach-II/Mach-II-Framework/master/1-9-0/branches/20100619_rest/uml/MachII_1-6-0.uml",,,113,113
"https://raw.githubusercontent.com/g-alonso/design-patterns/master/ChainOfResponsability/1/chainofresponsability_1.uml",,,114,114
"https://raw.githubusercontent.com/yspxman/CSharpConsoleDemos/master/PatternDiagrams/ModelDefinition/Package1_0039.uml",,,114,114
"https://raw.githubusercontent.com/yspxman/CSharpConsoleDemos/master/PatternDiagrams/ModelDefinition/Package2_0039.uml",,,114,114
"https://raw.githubusercontent.com/c-a-m/passfault/master/core/src/main/java/org/owasp/passfault/DictionaryFinders.uml",,,114,114
"https://raw.githubusercontent.com/JoeHosman/HTA/master/src/HTA/HTA.AnalysisModel/ModelDefinition/HTA.AnalysisModel.uml",,,115,115
"https://raw.githubusercontent.com/mxunit/mxunit/master/doc/colddoc/strategy/uml2tools/resources/templates/template.uml",,,115,115
"https://raw.githubusercontent.com/bazile/Training/master/CSharp/L04-S03-IO/UmlDiagrams/ModelDefinition/UmlDiagrams.uml",,,115,115
"https://raw.githubusercontent.com/nightingale-media-player/nightingale-hacking/master/documentation/sharing/Sharing.uml",,,116,116
"https://raw.githubusercontent.com/escidoc/escidoc-core/master/om/src/main/resources/docbook/om/ingest/ingest-process.uml",,,117,117
"https://raw.githubusercontent.com/droolsjbpm/jbpm-form-builder/master/jbpm-gwt-form-builder/src/main/doc/FormBuilder.uml",,,117,117
"https://raw.githubusercontent.com/osate/osate2-core/master/org.osate.aadl2.metamodel/Models/Core Language/AADLDetails.uml",,,118,118
"https://raw.githubusercontent.com/ObeoNetwork/SysML-Designer/master/lib/org.eclipse.papyrus.sysml/model/SysML.profile.uml",,,118,118
"https://raw.githubusercontent.com/crowdcode-de/KissMDA/master/core/kissmda-core/src/test/resources/model/emf/test-uml.uml",,,118,118
"https://raw.githubusercontent.com/yanjustino/AdmCRRN/master/AdmCRRN.Documentacao/ModelDefinition/AdmCRRN.Documentacao.uml",,,118,118
"https://raw.githubusercontent.com/ColdBox/coldbox-relax/master/apidocs/strategy/uml2tools/resources/templates/template.uml",,,119,119
"https://raw.githubusercontent.com/edna-site/edna/master/sandbox/id11/EDPluginControlId11-v1.0/datamodel/XSDataID11v1_0.uml",,,119,119
"https://raw.githubusercontent.com/centricconsulting/Review/master/src/ModelingProject1/ModelDefinition/ModelingProject1.uml",,,120,120
"https://raw.githubusercontent.com/edna-site/edna/master/mxPluginExec/plugins/EDPluginBest-v1.2/datamodel/XSDataBestv1_2.uml",,,120,120
"https://raw.githubusercontent.com/pashkov/Spontaneous/master/diabetes/ModelingProject1/ModelDefinition/ModelingProject1.uml",,,120,120
"https://raw.githubusercontent.com/luozengbin/dot.emacs.d/master/extra/plantuml/sample/sequence_diagram/plantuml_seq_box.uml",,,120,120
"https://raw.githubusercontent.com/luozengbin/dot.emacs.d/master/extra/plantuml/sample/sequence_diagram/plantuml_seq_out.uml",,,120,120
"https://raw.githubusercontent.com/osate/osate2-core/master/org.osate.aadl2.metamodel/Models/Core Language/AADLConstructs.uml",,,121,121
"https://raw.githubusercontent.com/nightingale-media-player/nightingale-hacking/master/documentation/sharing/Sharing-push.uml",,,121,121
"https://raw.githubusercontent.com/yspxman/CSharpConsoleDemos/master/PatternDiagrams/ModelDefinition/SimpleFactoryDiagram.uml",,,121,121
"https://raw.githubusercontent.com/csrg-utfsm/acscb/master/ACS/LGPL/CommonSoftware/codegen/src/alma/acs/sm/ALMA_Subsystem.uml",,,121,121
"https://raw.githubusercontent.com/luozengbin/dot.emacs.d/master/extra/plantuml/sample/sequence_diagram/plantuml_seq_base.uml",,,121,121
"https://raw.githubusercontent.com/luozengbin/dot.emacs.d/master/extra/plantuml/sample/sequence_diagram/plantuml_seq_html.uml",,,121,121
"https://raw.githubusercontent.com/luozengbin/dot.emacs.d/master/extra/plantuml/sample/sequence_diagram/plantuml_seq_self.uml",,,121,121
"https://raw.githubusercontent.com/PSE-2012/MMWTV/master/Implementierung/ModelingProject1/ModelDefinition/ModelingProject1.uml",,,122,122
"https://raw.githubusercontent.com/ColdBox/coldbox-platform/master/apidocs/strategy/uml2tools/resources/templates/template.uml",,,122,122
"https://raw.githubusercontent.com/luozengbin/dot.emacs.d/master/extra/plantuml/sample/sequence_diagram/plantuml_seq_actor.uml",,,122,122
"https://raw.githubusercontent.com/luozengbin/dot.emacs.d/master/extra/plantuml/sample/sequence_diagram/plantuml_seq_arrow.uml",,,122,122
"https://raw.githubusercontent.com/luozengbin/dot.emacs.d/master/extra/plantuml/sample/sequence_diagram/plantuml_seq_color.uml",,,122,122
"https://raw.githubusercontent.com/luozengbin/dot.emacs.d/master/extra/plantuml/sample/sequence_diagram/plantuml_seq_notes.uml",,,122,122
"https://raw.githubusercontent.com/luozengbin/dot.emacs.d/master/extra/plantuml/sample/sequence_diagram/plantuml_seq_space.uml",,,122,122
"https://raw.githubusercontent.com/luozengbin/dot.emacs.d/master/extra/plantuml/sample/sequence_diagram/plantuml_seq_title.uml",,,122,122
"https://raw.githubusercontent.com/luozengbin/dot.emacs.d/master/extra/plantuml/sample/sequence_diagram/plantuml_seq_cf_alt.uml",,,123,123
"https://raw.githubusercontent.com/luozengbin/dot.emacs.d/master/extra/plantuml/sample/sequence_diagram/plantuml_seq_cf_opt.uml",,,123,123
"https://raw.githubusercontent.com/luozengbin/dot.emacs.d/master/extra/plantuml/sample/sequence_diagram/plantuml_seq_cf_par.uml",,,123,123
"https://raw.githubusercontent.com/luozengbin/dot.emacs.d/master/extra/plantuml/sample/sequence_diagram/plantuml_seq_sample.uml",,,123,123
"https://raw.githubusercontent.com/PascalPiche/SymNet/master/SymNetCms/SymNetCms.Modeling/ModelDefinition/SymNetCms.Modeling.uml",,,124,124
"https://raw.githubusercontent.com/luozengbin/dot.emacs.d/master/extra/plantuml/sample/sequence_diagram/plantuml_seq_cf_loop.uml",,,124,124
"https://raw.githubusercontent.com/luozengbin/dot.emacs.d/master/extra/plantuml/sample/sequence_diagram/plantuml_seq_divider.uml",,,124,124
"https://raw.githubusercontent.com/luozengbin/dot.emacs.d/master/extra/plantuml/sample/sequence_diagram/plantuml_seq_footbox.uml",,,124,124
"https://raw.githubusercontent.com/osate/osate2-core/master/org.osate.aadl2.metamodel/Models/Core Language/AADLInfrastructure.uml",,,125,125
"https://raw.githubusercontent.com/osate/osate2-core/master/org.osate.aadl2.metamodel/Models/Property Language/AADLProperties.uml",,,125,125
"https://raw.githubusercontent.com/jdkoftinoff/mb-linux-msli/master/uClinux-dist/openswan/testing/baseconfigs/all/etc/bind/db.uml.freeswan.org.",,,125,125
"https://raw.githubusercontent.com/edna-site/edna/master/mxPluginExec/plugins/EDPluginRaddose-v1.0/datamodel/XSDataRaddosev10.uml",,,125,125
"https://raw.githubusercontent.com/edna-site/edna/master/sandbox/EDPluginPyarchThumbnail-v1.0/datamodel/XSDataPyarchThumbnail.uml",,,125,125
"https://raw.githubusercontent.com/luozengbin/dot.emacs.d/master/extra/plantuml/sample/sequence_diagram/plantuml_seq_activate.uml",,,125,125
"https://raw.githubusercontent.com/luozengbin/dot.emacs.d/master/extra/plantuml/sample/sequence_diagram/plantuml_seq_cf_break.uml",,,125,125
"https://raw.githubusercontent.com/luozengbin/dot.emacs.d/master/extra/plantuml/sample/sequence_diagram/plantuml_seq_cf_group.uml",,,125,125
"https://raw.githubusercontent.com/luozengbin/dot.emacs.d/master/extra/plantuml/sample/sequence_diagram/plantuml_seq_lifeline.uml",,,125,125
"https://raw.githubusercontent.com/opaeum/opaeum/master/bundles/opaeum-compilation/org.opaeum.compilation.ocltojava/oclstdlib.uml",,,125,125
"https://raw.githubusercontent.com/leo2020/MySys.WindowsService.Tools/master/ModelingProjectCore/ModelDefinition/Package_1721.uml",,,125,125
"https://raw.githubusercontent.com/Mach-II/Mach-II-Framework/master/1-8-0/branches/20090616_leak_peterfarrell/uml/MachII_1-6-0.uml",,,126,126
"https://raw.githubusercontent.com/TestingTechnologies/TTmodeler/master/com.testingtech.ttworkbench.utp.core/model/utp.profile.uml",,,126,126
"https://raw.githubusercontent.com/ControlSystemStudio/cs-studio/master/core/ui/ui-plugins/org.csstudio.autocomplete/doc/model.uml",,,126,126
"https://raw.githubusercontent.com/edna-site/edna/master/mxPluginExec/plugins/EDPluginGroupISPyB-v1.2/datamodel/XSDataISPyBv1_2.uml",,,127,127
"https://raw.githubusercontent.com/csrg-utfsm/acscb/master/ACS/LGPL/CommonSoftware/codegen/src/alma/acs/sm/UML_Standard_Profile.UML_Standard_Profile.profile.uml",,,127,127
"https://raw.githubusercontent.com/luozengbin/dot.emacs.d/master/extra/plantuml/sample/sequence_diagram/plantuml_seq_newdestroy.uml",,,127,127
"https://raw.githubusercontent.com/luozengbin/dot.emacs.d/master/extra/plantuml/sample/sequence_diagram/plantuml_seq_stereotype.uml",,,127,127
"https://raw.githubusercontent.com/ObeoNetwork/SysML-Designer/master/lib/org.eclipse.papyrus.sysml/libraries/SysMLPrimitiveTypes.uml",,,128,128
"https://raw.githubusercontent.com/RebelCMS/rebelcmsxu5/master/Source/Modelling/Rebel.SDK.Modelling/ModelDefinition/Package_2038.uml",,,128,128
"https://raw.githubusercontent.com/RebelCMS/rebelcmsxu5/master/Source/Modelling/Rebel.SDK.Modelling/ModelDefinition/Package_2039.uml",,,128,128
"https://raw.githubusercontent.com/RebelCMS/rebelcmsxu5/master/Source/Modelling/Rebel.SDK.Modelling/ModelDefinition/Package_2042.uml",,,128,128
"https://raw.githubusercontent.com/edna-site/edna/master/sandbox/id11/EDPluginExecPeakSearch-v1.0/datamodel/XSDataPeakSearchv1_0.uml",,,128,128
"https://raw.githubusercontent.com/DawnScience/dawn-tango/master/org.dawb.tango.server.workflow/doc/WorkflowExecutorStateMachine.uml",,,128,128
"https://raw.githubusercontent.com/luozengbin/dot.emacs.d/master/extra/plantuml/sample/sequence_diagram/plantuml_seq_cf_critical.uml",,,128,128
"https://raw.githubusercontent.com/luozengbin/dot.emacs.d/master/extra/plantuml/sample/sequence_diagram/plantuml_seq_participant.uml",,,128,128
"https://raw.githubusercontent.com/opaeum/opaeum/master/runtime/opaeum-runtime-core/opaeum-runtime-hibernate/src/test/models/bpm.uml",,,128,128
"https://raw.githubusercontent.com/RebelCMS/rebelcmsxu5/master/Source/Modelling/Rebel.SDK.Modelling/ModelDefinition/Package1_2038.uml",,,129,129
"https://raw.githubusercontent.com/RebelCMS/rebelcmsxu5/master/Source/Modelling/Rebel.SDK.Modelling/ModelDefinition/Package1_2039.uml",,,129,129
"https://raw.githubusercontent.com/RebelCMS/rebelcmsxu5/master/Source/Modelling/Rebel.SDK.Modelling/ModelDefinition/Package1_2042.uml",,,129,129
"https://raw.githubusercontent.com/RebelCMS/rebelcmsxu5/master/Source/Modelling/Rebel.SDK.Modelling/ModelDefinition/Package2_2038.uml",,,129,129
"https://raw.githubusercontent.com/RebelCMS/rebelcmsxu5/master/Source/Modelling/Rebel.SDK.Modelling/ModelDefinition/Package2_2039.uml",,,129,129
"https://raw.githubusercontent.com/RebelCMS/rebelcmsxu5/master/Source/Modelling/Rebel.SDK.Modelling/ModelDefinition/Package2_2042.uml",,,129,129
"https://raw.githubusercontent.com/RebelCMS/rebelcmsxu5/master/Source/Modelling/Rebel.SDK.Modelling/ModelDefinition/Package3_2038.uml",,,129,129
"https://raw.githubusercontent.com/RebelCMS/rebelcmsxu5/master/Source/Modelling/Rebel.SDK.Modelling/ModelDefinition/Package3_2039.uml",,,129,129
"https://raw.githubusercontent.com/RebelCMS/rebelcmsxu5/master/Source/Modelling/Rebel.SDK.Modelling/ModelDefinition/Package4_2038.uml",,,129,129
"https://raw.githubusercontent.com/edna-site/edna/master/execPlugins/plugins/EDPluginGroupImageFilter/datamodel/XSDataImageFilter.uml",,,129,129
"https://raw.githubusercontent.com/qos-ch/logback/master/logback-site/src/site/resources/manual/images/chapters/appenders/appender.uml",,,130,130
"https://raw.githubusercontent.com/crowdcode-de/KissMDA/master/app-examples/kissmda-app-test/src/main/resources/model/emf/test-uml.uml",,,130,130
"https://raw.githubusercontent.com/opaeum/opaeum/master/runtime/opaeum-runtime-core/opaeum-runtime-hibernate/src/test/models/model.uml",,,130,130
"https://raw.githubusercontent.com/edna-site/edna/master/mxPluginExec/plugins/EDPluginGroupLabelit-v1.1/datamodel/XSDataLabelitv1_1.uml",,,131,131
"https://raw.githubusercontent.com/luozengbin/dot.emacs.d/master/extra/plantuml/sample/sequence_diagram/plantuml_seq_notes_lifeline.uml",,,131,131
"https://raw.githubusercontent.com/bensenplus/breeze/master/suport/WpfApplicationFramework/Architecture/ModelDefinition/Architecture.uml",,,132,132
"https://raw.githubusercontent.com/opaeum/opaeum/master/runtime/opaeum-runtime-core/opaeum-runtime-domain/src/test/models/Structures.uml",,,132,132
"https://raw.githubusercontent.com/leo2020/MySys.WindowsService.Tools/master/ModelingProjectCore/ModelDefinition/ModelingProjectCore.uml",,,132,132
"https://raw.githubusercontent.com/edna-site/edna/master/execPlugins/plugins/EDPluginExecThumbnail-v1.0/datamodel/XSDataExecThumbnail.uml",,,133,133
"https://raw.githubusercontent.com/Ortus-Solutions/ContentBox/master/workbench/apidocs/strategy/uml2tools/resources/templates/template.uml",,,134,134
"https://raw.githubusercontent.com/RebelCMS/rebelcmsxu5/master/Source/Modelling/Rebel.SDK.Modelling/ModelDefinition/Rebel.SDK.Modelling.uml",,,135,135
"https://raw.githubusercontent.com/nodoherty/ColdFusion-Koans/master/mxunit/doc/colddoc/strategy/uml2tools/resources/templates/template.uml",,,135,135
"https://raw.githubusercontent.com/opaeum/opaeum/master/bundles/opaeum-papyrus-modeler/org.opaeum.papyrus.common/models/templates/model.uml",,,135,135
"https://raw.githubusercontent.com/TestingTechnologies/TTmodeler/master/com.testingtech.ttworkbench.utp.core/model/UTPPredefined.library.uml",,,136,136
"https://raw.githubusercontent.com/csrg-utfsm/acscb/master/ACS/LGPL/CommonSoftware/codegen/src/alma/acs/sm/profiles/UML_Standard_Profile.UML_Standard_Profile.profile.uml",,,136,136
"https://raw.githubusercontent.com/opaeum/opaeum/master/bundles/opaeum-papyrus-modeler/org.opaeum.papyrus.common/models/templates/profile.uml",,,137,137
"https://raw.githubusercontent.com/crowdcode-de/KissMDA/master/core/kissmda-core/src/test/resources/model/emf/kissmda-profile-core.profile.uml",,,138,138
"https://raw.githubusercontent.com/crowdcode-de/KissMDA/master/cartridges/kissmda-extensions-examples/src/test/resources/model/emf/test-uml.uml",,,139,139
"https://raw.githubusercontent.com/TestingTechnologies/TTmodeler/master/com.testingtech.ttworkbench.utp.core/examples/UTPProfile/utp.profile.uml",,,140,140
"https://raw.githubusercontent.com/crowdcode-de/KissMDA/master/cartridges/kissmda-cartridges-simple-java/src/test/resources/model/emf/test-uml.uml",,,142,142
"https://raw.githubusercontent.com/opaeum/opaeum/master/bundles/opaeum-compilation/org.opaeum.transformation.engine/models/profiles/Simulation.uml",,,142,142
"https://raw.githubusercontent.com/TestingTechnologies/TTmodeler/master/com.testingtech.ttworkbench.utp.core/examples/SimplePing/UML/SimplePing.uml",,,143,143
"https://raw.githubusercontent.com/crowdcode-de/KissMDA/master/cartridges/kissmda-extensions-import-packer/src/test/resources/model/emf/test-uml.uml",,,144,144
"https://raw.githubusercontent.com/TestingTechnologies/TTmodeler/master/com.testingtech.ttworkbench.utp.core/examples/SimplePing/UML/utp.profile.uml",,,144,144
"https://raw.githubusercontent.com/TestingTechnologies/TTmodeler/master/com.testingtech.ttworkbench.utp.topcased/projects/BankATM/Models/BankATM.uml",,,144,144
"https://raw.githubusercontent.com/HUSACCT/HUSACCT/master/doc/system/graphics/Designs/Software Partitionerings Model/Software Partitionerings Model.uml",,,147,147
"https://raw.githubusercontent.com/TestingTechnologies/TTmodeler/master/com.testingtech.ttworkbench.utp.tests/projects/complete-uml2ttcn3/input/ATM.uml",,,147,147
"https://raw.githubusercontent.com/TestingTechnologies/TTmodeler/master/com.testingtech.ttworkbench.utp.topcased/projects/BankATM/Models/ATMTestMdl.uml",,,147,147
"https://raw.githubusercontent.com/TestingTechnologies/TTmodeler/master/com.testingtech.ttworkbench.utp.topcased/projects/TwoStatesPrj/twoStatesFSM.uml",,,147,147
"https://raw.githubusercontent.com/opaeum/opaeum/master/bundles/opaeum-compilation/org.opaeum.transformation.engine/models/profiles/JavaxValidation.uml",,,147,147
"https://raw.githubusercontent.com/opaeum/opaeum/master/bundles/opaeum-compilation/org.opaeum.transformation.engine/models/profiles/OpaeumUIProfile.uml",,,147,147
"https://raw.githubusercontent.com/TestingTechnologies/TTmodeler/master/com.testingtech.ttworkbench.utp.core/examples/SimplePing/UML/Default.profile.uml",,,148,148
"https://raw.githubusercontent.com/opaeum/opaeum/master/bundles/opaeum-compilation/org.opaeum.transformation.engine/models/profiles/OpaeumBPMProfile.uml",,,148,148
"https://raw.githubusercontent.com/crowdcode-de/KissMDA/master/app-examples/kissmda-app-test/src/main/resources/model/emf/kissmda-profile-core.profile.uml",,,150,150
"https://raw.githubusercontent.com/TestingTechnologies/TTmodeler/master/com.testingtech.ttworkbench.utp.core/examples/GenericSMExample/UML/utp.profile.uml",,,150,150
"https://raw.githubusercontent.com/TestingTechnologies/TTmodeler/master/com.testingtech.ttworkbench.utp.core/examples/UTPProfile/UTPPredefined.library.uml",,,150,150
"https://raw.githubusercontent.com/opaeum/opaeum/master/bundles/opaeum-compilation/org.opaeum.transformation.engine/models/libraries/OpaeumBPM.library.uml",,,150,150
"https://raw.githubusercontent.com/opaeum/opaeum/master/bundles/opaeum-compilation/org.opaeum.transformation.engine/models/profiles/Simulation.profile.uml",,,150,150
"https://raw.githubusercontent.com/bennadel/MVC-Learning/master/wwwroot/tests/server/mxunit/doc/colddoc/strategy/uml2tools/resources/templates/template.uml",,,151,151
"https://raw.githubusercontent.com/TestingTechnologies/TTmodeler/master/com.testingtech.ttworkbench.utp.core/examples/SimplePing/UML/Deployment.profile.uml",,,151,151
"https://raw.githubusercontent.com/TestingTechnologies/TTmodeler/master/com.testingtech.ttworkbench.utp.tests/projects/complete-uml2ttcn3/input/ATMTest.uml",,,151,151
"https://raw.githubusercontent.com/TestingTechnologies/TTmodeler/master/com.testingtech.ttworkbench.utp.topcased/projects/SimpleATM/Models/u2tp.profile.uml",,,151,151
"https://raw.githubusercontent.com/ControlSystemStudio/cs-studio/master/applications/apputil/apputil-plugins/org.csstudio.apputil.ui/doc/FormulaSupport.uml",,,151,151
"https://raw.githubusercontent.com/TestingTechnologies/TTmodeler/master/com.testingtech.ttworkbench.utp.core/examples/SimplePing/UML/ProfileBase.profile.uml",,,152,152
"https://raw.githubusercontent.com/TestingTechnologies/TTmodeler/master/com.testingtech.ttworkbench.utp.topcased/projects/SimpleATM/Models/SimpleATMTest.uml",,,152,152
"https://raw.githubusercontent.com/TestingTechnologies/TTmodeler/master/com.testingtech.ttworkbench.utp.topcased/projects/UTPProfile/Models/u2tp.profile.uml",,,152,152
"https://raw.githubusercontent.com/csrg-utfsm/acscb/master/ACS/LGPL/CommonSoftware/codegen/src/alma/acs/sm/UML_Standard_Profile.MagicDraw_Profile.profile.uml",,,153,153
"https://raw.githubusercontent.com/opaeum/opaeum/master/bundles/opaeum-compilation/org.opaeum.transformation.engine/models/profiles/OpaeumSecurityProfile.uml",,,153,153
"https://raw.githubusercontent.com/opaeum/opaeum/master/bundles/opaeum-compilation/org.opaeum.transformation.engine/models/profiles/OpaeumStandardProfile.uml",,,153,153
"https://raw.githubusercontent.com/opaeum/opaeum/master/bundles/opaeum-compilation/org.opaeum.transformation.engine/models/profiles/OpaeumStandardProfile.uml.old.xml",,,153,153
"https://raw.githubusercontent.com/TestingTechnologies/TTmodeler/master/com.testingtech.ttworkbench.utp.core/examples/GenericSMExample/UML/Default.profile.uml",,,154,154
"https://raw.githubusercontent.com/TestingTechnologies/TTmodeler/master/com.testingtech.ttworkbench.utp.core/examples/SimplePing/UML/UTPPredefined.library.uml",,,154,154
"https://raw.githubusercontent.com/TestingTechnologies/TTmodeler/master/com.testingtech.ttworkbench.utp.topcased/projects/SimpleATM/Models/SimpleATMSystem.uml",,,154,154
"https://raw.githubusercontent.com/csrg-utfsm/acscb/master/ACS/LGPL/CommonSoftware/codegen/src/alma/acs/sm/UML_Standard_Profile.Validation_Profile.profile.uml",,,154,154
"https://raw.githubusercontent.com/TestingTechnologies/TTmodeler/master/com.testingtech.ttworkbench.utp.core/examples/GenericSMExample/UML/GenericSMExample.uml",,,155,155
"https://raw.githubusercontent.com/TestingTechnologies/TTmodeler/master/com.testingtech.ttworkbench.utp.tests/projects/architecture-uml2ttcn3/input/BankATM.uml",,,155,155
"https://raw.githubusercontent.com/TestingTechnologies/TTmodeler/master/com.testingtech.ttworkbench.utp.topcased/projects/SimpleATM/Models/ttU2TPPredefined.uml",,,155,155
"https://raw.githubusercontent.com/crowdcode-de/KissMDA/master/core/kissmda-core/src/test/resources/model/emf/UML_Standard_Profile.MagicDraw_Profile.profile.uml",,,156,156
"https://raw.githubusercontent.com/crowdcode-de/KissMDA/master/core/kissmda-core/src/test/resources/model/emf/UML_Standard_Profile.StandardProfileL2.profile.uml",,,156,156
"https://raw.githubusercontent.com/crowdcode-de/KissMDA/master/core/kissmda-core/src/test/resources/model/emf/UML_Standard_Profile.StandardProfileL3.profile.uml",,,156,156
"https://raw.githubusercontent.com/TestingTechnologies/TTmodeler/master/com.testingtech.ttworkbench.utp.tests/projects/architecture-ea2uml/reference/BankATM.uml",,,156,156
"https://raw.githubusercontent.com/TestingTechnologies/TTmodeler/master/com.testingtech.ttworkbench.utp.topcased/projects/UTPProfile/Models/ttU2TPPredefined.uml",,,156,156
"https://raw.githubusercontent.com/opaeum/opaeum/master/bundles/opaeum-compilation/org.opaeum.transformation.engine/models/libraries/OpaeumBPMCommon.library.uml",,,156,156
"https://raw.githubusercontent.com/crowdcode-de/KissMDA/master/core/kissmda-core/src/test/resources/model/emf/UML_Standard_Profile.Validation_Profile.profile.uml",,,157,157
"https://raw.githubusercontent.com/TestingTechnologies/TTmodeler/master/com.testingtech.ttworkbench.utp.core/examples/GenericSMExample/UML/Deployment.profile.uml",,,157,157
"https://raw.githubusercontent.com/ControlSystemStudio/cs-studio/master/applications/alarm/alarm-plugins/org.csstudio.alarm.beast.annunciator/doc/annunciator.uml",,,157,157
"https://raw.githubusercontent.com/TestingTechnologies/TTmodeler/master/com.testingtech.ttworkbench.utp.core/examples/GenericSMExample/UML/ProfileBase.profile.uml",,,158,158
"https://raw.githubusercontent.com/opaeum/opaeum/master/bundles/opaeum-compilation/org.opaeum.transformation.engine/models/libraries/OpaeumSimpleTypes.library.uml",,,158,158
"https://raw.githubusercontent.com/crowdcode-de/KissMDA/master/cartridges/kissmda-extensions-examples/src/test/resources/model/emf/kissmda-profile-core.profile.uml",,,159,159
"https://raw.githubusercontent.com/aarfe/Tesi/master/sourceCode/AcceleoTutorialsEclipseModelingJuno4.3/QuickStartTutorialUMLDiagramSourceModel/SampleInputModel.uml",,,159,159
"https://raw.githubusercontent.com/opaeum/opaeum/master/bundles/opaeum-compilation/org.opaeum.transformation.engine/models/profiles/HibernateValidation.profile.uml",,,159,159
"https://raw.githubusercontent.com/TestingTechnologies/TTmodeler/master/com.testingtech.ttworkbench.utp.core/examples/GenericSMExample/UML/UTPPredefined.library.uml",,,160,160
"https://raw.githubusercontent.com/ControlSystemStudio/cs-studio/master/applications/databrowser/databrowser-plugins/org.csstudio.trends.databrowser2/doc/Export.uml",,,160,160
"https://raw.githubusercontent.com/TestingTechnologies/TTmodeler/master/com.testingtech.ttworkbench.utp.topcased/projects/SimpleATM/Models/U2TPPredefined.library.uml",,,161,161
"https://raw.githubusercontent.com/crowdcode-de/KissMDA/master/cartridges/kissmda-cartridges-simple-java/src/test/resources/model/emf/kissmda-profile-core.profile.uml",,,162,162
"https://raw.githubusercontent.com/TestingTechnologies/TTmodeler/master/com.testingtech.ttworkbench.utp.topcased/projects/UTPProfile/Models/U2TPPredefined.library.uml",,,162,162
"https://raw.githubusercontent.com/csrg-utfsm/acscb/master/ACS/LGPL/CommonSoftware/codegen/src/alma/acs/sm/profiles/UML_Standard_Profile.MagicDraw_Profile.profile.uml",,,162,162
"https://raw.githubusercontent.com/csrg-utfsm/acscb/master/ACS/LGPL/CommonSoftware/codegen/src/alma/acs/sm/profiles/UML_Standard_Profile.Validation_Profile.profile.uml",,,163,163
"https://raw.githubusercontent.com/crowdcode-de/KissMDA/master/cartridges/kissmda-extensions-import-packer/src/test/resources/model/emf/kissmda-profile-core.profile.uml",,,164,164
"https://raw.githubusercontent.com/ControlSystemStudio/cs-studio/master/applications/databrowser/databrowser-plugins/org.csstudio.trends.databrowser2/doc/Data Browser.uml",,,166,166
"https://raw.githubusercontent.com/TestingTechnologies/TTmodeler/master/com.testingtech.ttworkbench.utp.core/examples/customer_examples/HL7Registration/UML/utp.profile.uml",,,167,167
"https://raw.githubusercontent.com/crowdcode-de/KissMDA/master/app-examples/kissmda-app-test/src/main/resources/model/emf/UML_Standard_Profile.MagicDraw_Profile.profile.uml",,,168,168
"https://raw.githubusercontent.com/crowdcode-de/KissMDA/master/app-examples/kissmda-app-test/src/main/resources/model/emf/UML_Standard_Profile.StandardProfileL2.profile.uml",,,168,168
"https://raw.githubusercontent.com/crowdcode-de/KissMDA/master/app-examples/kissmda-app-test/src/main/resources/model/emf/UML_Standard_Profile.StandardProfileL3.profile.uml",,,168,168
"https://raw.githubusercontent.com/ControlSystemStudio/cs-studio/master/applications/alarm/alarm-plugins/org.csstudio.alarm.beast.notifier/docs/CSSAlarmAutomatedActions.uml",,,168,168
"https://raw.githubusercontent.com/crowdcode-de/KissMDA/master/app-examples/kissmda-app-test/src/main/resources/model/emf/UML_Standard_Profile.Validation_Profile.profile.uml",,,169,169
"https://raw.githubusercontent.com/TestingTechnologies/TTmodeler/master/com.testingtech.ttworkbench.utp.core/examples/customer_examples/HL7Registration/UML/Default.profile.uml",,,171,171
"https://raw.githubusercontent.com/csrg-utfsm/acscb/master/ACS/LGPL/CommonSoftware/codegen/src/alma/acs/sm/UML_Standard_Profile.MagicDraw_Profile.DSL_Customization.profile.uml",,,171,171
"https://raw.githubusercontent.com/crowdcode-de/KissMDA/master/core/kissmda-core/src/test/resources/model/emf/UML_Standard_Profile.MagicDraw_Profile.DSL_Customization.profile.uml",,,174,174
"https://raw.githubusercontent.com/TestingTechnologies/TTmodeler/master/com.testingtech.ttworkbench.utp.core/examples/customer_examples/HL7Registration/UML/Deployment.profile.uml",,,174,174
"https://raw.githubusercontent.com/TestingTechnologies/TTmodeler/master/com.testingtech.ttworkbench.utp.core/examples/customer_examples/HL7Registration/UML/PatientRegistration.uml",,,175,175
"https://raw.githubusercontent.com/TestingTechnologies/TTmodeler/master/com.testingtech.ttworkbench.utp.core/examples/customer_examples/HL7Registration/UML/ProfileBase.profile.uml",,,175,175
"https://raw.githubusercontent.com/crowdcode-de/KissMDA/master/cartridges/kissmda-extensions-examples/src/test/resources/model/emf/UML_Standard_Profile.MagicDraw_Profile.profile.uml",,,177,177
"https://raw.githubusercontent.com/crowdcode-de/KissMDA/master/cartridges/kissmda-extensions-examples/src/test/resources/model/emf/UML_Standard_Profile.StandardProfileL2.profile.uml",,,177,177
"https://raw.githubusercontent.com/crowdcode-de/KissMDA/master/cartridges/kissmda-extensions-examples/src/test/resources/model/emf/UML_Standard_Profile.StandardProfileL3.profile.uml",,,177,177
"https://raw.githubusercontent.com/TestingTechnologies/TTmodeler/master/com.testingtech.ttworkbench.utp.core/examples/customer_examples/HL7Registration/UML/UTPPredefined.library.uml",,,177,177
"https://raw.githubusercontent.com/crowdcode-de/KissMDA/master/cartridges/kissmda-extensions-examples/src/test/resources/model/emf/UML_Standard_Profile.Validation_Profile.profile.uml",,,178,178
"https://raw.githubusercontent.com/crowdcode-de/KissMDA/master/maven/kissmda-maven-app-archetype/src/main/resources/archetype-resources/src/main/resources/model/emf/__artifactId__.uml",,,179,179
"https://raw.githubusercontent.com/crowdcode-de/KissMDA/master/maven/kissmda-maven-cartridge-archetype/src/main/resources/archetype-resources/src/test/resources/model/emf/test-uml.uml",,,179,179
"https://raw.githubusercontent.com/crowdcode-de/KissMDA/master/cartridges/kissmda-cartridges-simple-java/src/test/resources/model/emf/UML_Standard_Profile.MagicDraw_Profile.profile.uml",,,180,180
"https://raw.githubusercontent.com/crowdcode-de/KissMDA/master/cartridges/kissmda-cartridges-simple-java/src/test/resources/model/emf/UML_Standard_Profile.StandardProfileL2.profile.uml",,,180,180
"https://raw.githubusercontent.com/crowdcode-de/KissMDA/master/cartridges/kissmda-cartridges-simple-java/src/test/resources/model/emf/UML_Standard_Profile.StandardProfileL3.profile.uml",,,180,180
"https://raw.githubusercontent.com/csrg-utfsm/acscb/master/ACS/LGPL/CommonSoftware/codegen/src/alma/acs/sm/profiles/UML_Standard_Profile.MagicDraw_Profile.DSL_Customization.profile.uml",,,180,180
"https://raw.githubusercontent.com/crowdcode-de/KissMDA/master/cartridges/kissmda-cartridges-simple-java/src/test/resources/model/emf/UML_Standard_Profile.Validation_Profile.profile.uml",,,181,181
"https://raw.githubusercontent.com/Gumtree/gumtree/master/framework/processor/au.gov.ansto.bragg.process/src/au/gov/ansto/bragg/process/processor/au.gov.ansto.bragg.process.processor.uml",,,182,182
"https://raw.githubusercontent.com/crowdcode-de/KissMDA/master/cartridges/kissmda-extensions-import-packer/src/test/resources/model/emf/UML_Standard_Profile.MagicDraw_Profile.profile.uml",,,182,182
"https://raw.githubusercontent.com/crowdcode-de/KissMDA/master/cartridges/kissmda-extensions-import-packer/src/test/resources/model/emf/UML_Standard_Profile.StandardProfileL2.profile.uml",,,182,182
"https://raw.githubusercontent.com/crowdcode-de/KissMDA/master/cartridges/kissmda-extensions-import-packer/src/test/resources/model/emf/UML_Standard_Profile.StandardProfileL3.profile.uml",,,182,182
"https://raw.githubusercontent.com/crowdcode-de/KissMDA/master/cartridges/kissmda-extensions-import-packer/src/test/resources/model/emf/UML_Standard_Profile.Validation_Profile.profile.uml",,,183,183
"https://raw.githubusercontent.com/crowdcode-de/KissMDA/master/core/kissmda-core/src/test/resources/model/emf/UML_Standard_Profile.MagicDraw_Profile.Traceability_customization.profile.uml",,,183,183
"https://raw.githubusercontent.com/crowdcode-de/KissMDA/master/app-examples/kissmda-app-test/src/main/resources/model/emf/UML_Standard_Profile.MagicDraw_Profile.DSL_Customization.profile.uml",,,186,186
"https://raw.githubusercontent.com/crowdcode-de/KissMDA/master/maven/kissmda-maven-app-archetype/src/main/resources/archetype-resources/src/main/resources/model/emf/kissmda-profile-core.profile.uml",,,193,193
"https://raw.githubusercontent.com/crowdcode-de/KissMDA/master/app-examples/kissmda-app-test/src/main/resources/model/emf/UML_Standard_Profile.MagicDraw_Profile.Traceability_customization.profile.uml",,,195,195
"https://raw.githubusercontent.com/crowdcode-de/KissMDA/master/cartridges/kissmda-extensions-examples/src/test/resources/model/emf/UML_Standard_Profile.MagicDraw_Profile.DSL_Customization.profile.uml",,,195,195
"https://raw.githubusercontent.com/crowdcode-de/KissMDA/master/cartridges/kissmda-cartridges-simple-java/src/test/resources/model/emf/UML_Standard_Profile.MagicDraw_Profile.DSL_Customization.profile.uml",,,198,198
"https://raw.githubusercontent.com/crowdcode-de/KissMDA/master/maven/kissmda-maven-cartridge-archetype/src/main/resources/archetype-resources/src/test/resources/model/emf/kissmda-profile-core.profile.uml",,,199,199
"https://raw.githubusercontent.com/crowdcode-de/KissMDA/master/cartridges/kissmda-extensions-import-packer/src/test/resources/model/emf/UML_Standard_Profile.MagicDraw_Profile.DSL_Customization.profile.uml",,,200,200
"https://raw.githubusercontent.com/crowdcode-de/KissMDA/master/cartridges/kissmda-extensions-examples/src/test/resources/model/emf/UML_Standard_Profile.MagicDraw_Profile.Traceability_customization.profile.uml",,,204,204
"https://raw.githubusercontent.com/crowdcode-de/KissMDA/master/cartridges/kissmda-cartridges-simple-java/src/test/resources/model/emf/UML_Standard_Profile.MagicDraw_Profile.Traceability_customization.profile.uml",,,207,207
"https://raw.githubusercontent.com/crowdcode-de/KissMDA/master/cartridges/kissmda-extensions-import-packer/src/test/resources/model/emf/UML_Standard_Profile.MagicDraw_Profile.Traceability_customization.profile.uml",,,209,209
"https://raw.githubusercontent.com/crowdcode-de/KissMDA/master/maven/kissmda-maven-app-archetype/src/main/resources/archetype-resources/src/main/resources/model/emf/UML_Standard_Profile.MagicDraw_Profile.profile.uml",,,211,211
"https://raw.githubusercontent.com/crowdcode-de/KissMDA/master/maven/kissmda-maven-app-archetype/src/main/resources/archetype-resources/src/main/resources/model/emf/UML_Standard_Profile.StandardProfileL2.profile.uml",,,211,211
"https://raw.githubusercontent.com/crowdcode-de/KissMDA/master/maven/kissmda-maven-app-archetype/src/main/resources/archetype-resources/src/main/resources/model/emf/UML_Standard_Profile.StandardProfileL3.profile.uml",,,211,211
"https://raw.githubusercontent.com/crowdcode-de/KissMDA/master/maven/kissmda-maven-app-archetype/src/main/resources/archetype-resources/src/main/resources/model/emf/UML_Standard_Profile.Validation_Profile.profile.uml",,,212,212
"https://raw.githubusercontent.com/crowdcode-de/KissMDA/master/maven/kissmda-maven-cartridge-archetype/src/main/resources/archetype-resources/src/test/resources/model/emf/UML_Standard_Profile.MagicDraw_Profile.profile.uml",,,217,217
"https://raw.githubusercontent.com/crowdcode-de/KissMDA/master/maven/kissmda-maven-cartridge-archetype/src/main/resources/archetype-resources/src/test/resources/model/emf/UML_Standard_Profile.StandardProfileL2.profile.uml",,,217,217
"https://raw.githubusercontent.com/crowdcode-de/KissMDA/master/maven/kissmda-maven-cartridge-archetype/src/main/resources/archetype-resources/src/test/resources/model/emf/UML_Standard_Profile.StandardProfileL3.profile.uml",,,217,217
"https://raw.githubusercontent.com/crowdcode-de/KissMDA/master/maven/kissmda-maven-cartridge-archetype/src/main/resources/archetype-resources/src/test/resources/model/emf/UML_Standard_Profile.Validation_Profile.profile.uml",,,218,218
"https://raw.githubusercontent.com/crowdcode-de/KissMDA/master/maven/kissmda-maven-app-archetype/src/main/resources/archetype-resources/src/main/resources/model/emf/UML_Standard_Profile.MagicDraw_Profile.DSL_Customization.profile.uml",,,229,229
"https://raw.githubusercontent.com/crowdcode-de/KissMDA/master/maven/kissmda-maven-cartridge-archetype/src/main/resources/archetype-resources/src/test/resources/model/emf/UML_Standard_Profile.MagicDraw_Profile.DSL_Customization.profile.uml",,,235,235
"https://raw.githubusercontent.com/crowdcode-de/KissMDA/master/maven/kissmda-maven-app-archetype/src/main/resources/archetype-resources/src/main/resources/model/emf/UML_Standard_Profile.MagicDraw_Profile.Traceability_customization.profile.uml",,,238,238
"https://raw.githubusercontent.com/crowdcode-de/KissMDA/master/maven/kissmda-maven-cartridge-archetype/src/main/resources/archetype-resources/src/test/resources/model/emf/UML_Standard_Profile.MagicDraw_Profile.Traceability_customization.profile.uml",,,244,244
"https://raw.githubusercontent.com/101companies/101repo/master/contributions/jgralab/101companies-schema.xmi","http://schema.omg.org/spec/UML",
"https://raw.githubusercontent.com/adiknoth/ffado/master/libffado/doc/streaming.xmi","http://schema.omg.org/spec/UML",
"https://raw.githubusercontent.com/agmguerra/rep-snic-sncsup/master/documentacao/snic-sup-usecase.xmi","http://schema.omg.org/spec/UML",
"https://raw.githubusercontent.com/battle-for-wesnoth/svn/master/doc/ana/ana-class-diagram.xmi","http://schema.omg.org/spec/UML",
"https://raw.githubusercontent.com/cardel/gestionEspectro/master/TGAplicacion/DB/Umbrello/DBTGUmbrello.xmi","http://schema.omg.org/spec/UML",
"https://raw.githubusercontent.com/collective/collective.elections/master/state_diag.xmi","http://schema.omg.org/spec/UML",
"https://raw.githubusercontent.com/csrg-utfsm/acscb/master/ACS/LGPL/CommonSoftware/ACSLaser/alarmsDefGUI/doc/class_diagram.xmi","http://schema.omg.org/spec/UML",
"https://raw.githubusercontent.com/D3f0/txscada/master/src/dsem/doc/pres_hl_v2/db.xmi","http://schema.omg.org/spec/UML",
"https://raw.githubusercontent.com/DBrianKimmel/PyHouse/master/admin/UML/Design.xmi","http://schema.omg.org/spec/UML",
"https://raw.githubusercontent.com/edna-site/edna/master/ccp4v0/datamodel/XSDataCCP4v0.xmi","omg.org/UML",
"https://raw.githubusercontent.com/edna-site/edna/master/diffractionCTv1/datamodel/XSDataDiffractionCTv1.xmi","omg.org/UML",
"https://raw.githubusercontent.com/edna-site/edna/master/execPlugins/plugins/EDPluginExecPyHST-v1.0/datamodel/XSDataPyHSTv10.xmi","omg.org/UML",
"https://raw.githubusercontent.com/edna-site/edna/master/execPlugins/plugins/EDPluginExecThumbnail-v1.0/datamodel/XSDataExecThumbnail.xmi","omg.org/UML",
"https://raw.githubusercontent.com/edna-site/edna/master/execPlugins/plugins/EDPluginExecVideo-v1.0/datamodel/XSDataExecVideo.xmi","omg.org/UML",
"https://raw.githubusercontent.com/edna-site/edna/master/execPlugins/plugins/EDPluginGroupEDF-v1.0/datamodel/XSDataEDFv1_0.xmi","omg.org/UML",
"https://raw.githubusercontent.com/edna-site/edna/master/execPlugins/plugins/EDPluginGroupFIT2D-v1.0/datamodel/XSDataFIT2Dv1_0.xmi","http://schema.omg.org/spec/UML",
"https://raw.githubusercontent.com/edna-site/edna/master/execPlugins/plugins/EDPluginGroupSaxs-v1.0/datamodel/XSDataSaxsv1_0.xmi","omg.org/UML",
"https://raw.githubusercontent.com/edna-site/edna/master/kernel/datamodel/XSDataCommon.xmi","omg.org/UML",
"https://raw.githubusercontent.com/edna-site/edna/master/mxv1/datamodel/XSDataMXv1.xmi","omg.org/UML",
"https://raw.githubusercontent.com/edna-site/edna/master/mxv1/plugins/EDPluginControlInterfaceToMXCuBE-v1.2/datamodel/XSDataMXCuBEv1_2.xmi","omg.org/UML",
"https://raw.githubusercontent.com/edna-site/edna/master/mxv1/plugins/EDPluginGroupInterface-v1.0/datamodel/XSDataCCP4iv10.xmi","omg.org/UML",
"https://raw.githubusercontent.com/edna-site/edna/master/mxv1/plugins/EDPluginGroupInterface-v1.1/datamodel/XSDataCCP4iv1_1.xmi","omg.org/UML",
"https://raw.githubusercontent.com/edna-site/edna/master/photov1/datamodel/XSDataPhotov1.xmi","omg.org/UML",
"https://raw.githubusercontent.com/enthought/mayavi/master/docs/source/mayavi/images/core-class.xmi","http://schema.omg.org/spec/UML",
"https://raw.githubusercontent.com/escidoc/escidoc-core/master/doc/class-references.xmi","http://schema.omg.org/spec/UML",
"https://raw.githubusercontent.com/f3at/feat/master/doc/uml/agency_agent.xmi","http://schema.omg.org/spec/UML",
"https://raw.githubusercontent.com/f3at/feat/master/doc/uml/class_diagram.xmi","http://schema.omg.org/spec/UML",
"https://raw.githubusercontent.com/f3at/feat/master/doc/uml/messaging_protocols.xmi","http://schema.omg.org/spec/UML",
"https://raw.githubusercontent.com/frgomes/jquantlib/master/jquantlib/src/main/java/org/jquantlib/methods/montecarlo/monte-carlo.xmi","http://schema.omg.org/spec/UML",
"https://raw.githubusercontent.com/g-ben-wiz/ARMinis/master/doc/ARMinis.xmi","http://schema.omg.org/spec/UML",
"https://raw.githubusercontent.com/hkoba/yatt_lite/master/Lite/docs/yatt_design_uml.xmi","http://schema.omg.org/spec/UML",
"https://raw.githubusercontent.com/IDCI-Consulting/Run4Fun/master/src/R4F/doc/run4fun.xmi","http://schema.omg.org/spec/UML",
"https://raw.githubusercontent.com/imperialft/jquantlib/master/src/main/java/org/jquantlib/methods/montecarlo/monte-carlo.xmi","http://schema.omg.org/spec/UML",
"https://raw.githubusercontent.com/jgralab/jgralab/master/src/de/uni_koblenz/jgralab/utilities/argouml2tg/gruml-1.0.1.xmi","org.omg.xmi.namespace.UML",
"https://raw.githubusercontent.com/jgralab/jgralab/master/testit/testschemas/argoUML-xmi/attributeTest.xmi","org.omg.xmi.namespace.UML",
"https://raw.githubusercontent.com/jgralab/jgralab/master/testit/testschemas/argoUML-xmi/testAttributes.xmi","org.omg.xmi.namespace.UML",
"https://raw.githubusercontent.com/jgralab/jgralab/master/testit/testschemas/argoUML-xmi/testAttributesDefaultValues.xmi","org.omg.xmi.namespace.UML",
"https://raw.githubusercontent.com/jgralab/jgralab/master/testit/testschemas/argoUML-xmi/testComments.xmi","org.omg.xmi.namespace.UML",
"https://raw.githubusercontent.com/jgralab/jgralab/master/testit/testschemas/argoUML-xmi/testConstraints.xmi","org.omg.xmi.namespace.UML",
"https://raw.githubusercontent.com/jgralab/jgralab/master/testit/testschemas/argoUML-xmi/testEdgeClassAbstract.xmi","org.omg.xmi.namespace.UML",
"https://raw.githubusercontent.com/jgralab/jgralab/master/testit/testschemas/argoUML-xmi/testEdgeClassAggregation.xmi","org.omg.xmi.namespace.UML",
"https://raw.githubusercontent.com/jgralab/jgralab/master/testit/testschemas/argoUML-xmi/testEdgeClassCyclic.xmi","org.omg.xmi.namespace.UML",
"https://raw.githubusercontent.com/jgralab/jgralab/master/testit/testschemas/argoUML-xmi/testEdgeClassDirection.xmi","org.omg.xmi.namespace.UML",
"https://raw.githubusercontent.com/jgralab/jgralab/master/testit/testschemas/argoUML-xmi/testEdgeClassGeneralization.xmi","org.omg.xmi.namespace.UML",
"https://raw.githubusercontent.com/jgralab/jgralab/master/testit/testschemas/argoUML-xmi/testEdgeClassMultiplicities.xmi","org.omg.xmi.namespace.UML",
"https://raw.githubusercontent.com/jgralab/jgralab/master/testit/testschemas/argoUML-xmi/testEdgeClassRoles.xmi","org.omg.xmi.namespace.UML",
"https://raw.githubusercontent.com/jgralab/jgralab/master/testit/testschemas/argoUML-xmi/testGraphClass.xmi","org.omg.xmi.namespace.UML",
"https://raw.githubusercontent.com/jgralab/jgralab/master/testit/testschemas/argoUML-xmi/testInheritance.xmi","org.omg.xmi.namespace.UML",
"https://raw.githubusercontent.com/jgralab/jgralab/master/testit/testschemas/argoUML-xmi/testPackages.xmi","org.omg.xmi.namespace.UML",
"https://raw.githubusercontent.com/jgralab/jgralab/master/testit/testschemas/argoUML-xmi/testVertexClass.xmi","org.omg.xmi.namespace.UML",
"https://raw.githubusercontent.com/jgralab/jgralab/master/testit/testschemas/rsa-xmi/CommentTest.xmi","http://schema.omg.org/spec/UML",
"https://raw.githubusercontent.com/jgralab/jgralab/master/testit/testschemas/rsa-xmi/greqltestschema.xmi","http://schema.omg.org/spec/UML",
"https://raw.githubusercontent.com/jgralab/jgralab/master/testit/testschemas/rsa-xmi/grUML-M3.xmi","http://schema.omg.org/spec/UML",
"https://raw.githubusercontent.com/jgralab/jgralab/master/testit/testschemas/rsa-xmi/OsmSchema.xmi","http://schema.omg.org/spec/UML",
"https://raw.githubusercontent.com/jgralab/jgralab/master/testit/testschemas/rsa-xmi/vwa-db.xmi","http://schema.omg.org/spec/UML",
"https://raw.githubusercontent.com/jgralab/jgralab-dhht/master/testit/testschemas/rsa-xmi/CommentTest.xmi","http://schema.omg.org/spec/UML",
"https://raw.githubusercontent.com/jgralab/jgralab-dhht/master/testit/testschemas/rsa-xmi/greqltestschema.xmi","http://schema.omg.org/spec/UML",
"https://raw.githubusercontent.com/jgralab/jgralab-dhht/master/testit/testschemas/rsa-xmi/grUML-M3.xmi","http://schema.omg.org/spec/UML",
"https://raw.githubusercontent.com/jgralab/jgralab-dhht/master/testit/testschemas/rsa-xmi/OsmSchema.xmi","http://schema.omg.org/spec/UML",
"https://raw.githubusercontent.com/jgralab/jgralab-dhht/master/testit/testschemas/rsa-xmi/vwa-db.xmi","http://schema.omg.org/spec/UML",
"https://raw.githubusercontent.com/jodaiber/dbpedia-spotlight-db/master/docs/DatabaseSchema.xmi","http://schema.omg.org/spec/UML",
"https://raw.githubusercontent.com/Kevin423/BasDeM/master/docs/BasDeM.xmi","http://schema.omg.org/spec/UML",
"https://raw.githubusercontent.com/manoelcampos/Retorno-BoletoPHP/master/diagramas-uml.umbrello.xmi","http://schema.omg.org/spec/UML",
"https://raw.githubusercontent.com/marcojrfurtado/OpenNebula-for-scalability/master/images/database_helperdiagram.xmi","http://schema.omg.org/spec/UML",
"https://raw.githubusercontent.com/MITK/MITK/master/Documentation/Doxygen/3-DeveloperManual/Concepts/images/datainteraction/event_handling_umbrello_file.xmi","http://schema.omg.org/spec/UML",
"https://raw.githubusercontent.com/MITK/MITK/master/Documentation/Doxygen/3-DeveloperManual/Concepts/images/datainteraction/sm_and_config.xmi","http://schema.omg.org/spec/UML",
"https://raw.githubusercontent.com/myGrid/biocatalogue/master/doc/data_models/schema.xmi","org.omg/UML",
"https://raw.githubusercontent.com/nadavkav/Moodle2-Hebrew-plugins/master/moodle23/mod/game/docs/database.xmi","http://schema.omg.org/spec/UML",
"https://raw.githubusercontent.com/omazapa/RootMpi/master/mpi/doc/DesignUML.xmi","http://schema.omg.org/spec/UML",
"https://raw.githubusercontent.com/omazapa/RootMpi/master/mpi/doc/Tests.xmi","http://schema.omg.org/spec/UML",
"https://raw.githubusercontent.com/OSLL/geo2tag/master/doc/design/ClassDiagram.xmi","http://schema.omg.org/spec/UML",
"https://raw.githubusercontent.com/OSLL/geo2tag/master/doc/design/database.xmi","http://schema.omg.org/spec/UML",
"https://raw.githubusercontent.com/OSLL/geo2tag/master/doc/design/Protocol.xmi","http://schema.omg.org/spec/UML",
"https://raw.githubusercontent.com/OSLL/geo2tag/master/doc/design/search.xmi","http://schema.omg.org/spec/UML",
"https://raw.githubusercontent.com/OSLL/geo2tag/master/doc/design/UseCase.xmi","http://schema.omg.org/spec/UML",
"https://raw.githubusercontent.com/Pardus-Linux/pisi/master/doc/pisi-db.xmi","http://schema.omg.org/spec/UML",
"https://raw.githubusercontent.com/patrickdemond/sabretooth/release/doc/design/uml.xmi","http://schema.omg.org/spec/UML",
"https://raw.githubusercontent.com/php/presentations/master/slides/sdphp/misc/sdphp_using_tools/uml/umbrello/MondoRegex_uml.xmi","org.omg/standards/UML",
"https://raw.githubusercontent.com/realXtend/doc/master/api_complexity/data/dslpaper/uml/cd-jaxb.xmi","org.omg/UML",
"https://raw.githubusercontent.com/realXtend/doc/master/api_complexity/data/dslpaper/uml/cd-opensaml.xmi","org.omg/UML",
"https://raw.githubusercontent.com/realXtend/doc/master/api_complexity/data/dslpaper/uml/cd-simplesamlphp.xmi","org.omg/UML",
"https://raw.githubusercontent.com/realXtend/doc/master/api_complexity/data/dslpaper/uml/cd-xosaml.xmi","org.omg/UML",
"https://raw.githubusercontent.com/realXtend/doc/master/api_complexity/data/dslpaper/uml/sd-jaxb.xmi","org.omg/UML",
"https://raw.githubusercontent.com/realXtend/doc/master/api_complexity/data/dslpaper/uml/sd-opensaml.xmi","org.omg/UML",
"https://raw.githubusercontent.com/realXtend/doc/master/api_complexity/data/dslpaper/uml/sd-simplesamlphp.xmi","org.omg/UML",
"https://raw.githubusercontent.com/realXtend/doc/master/api_complexity/data/dslpaper/uml/sd-xosaml.xmi","org.omg/UML",
"https://raw.githubusercontent.com/robertsj/libdetran/master/doc/detran.xmi","http://schema.omg.org/spec/UML",
"https://raw.githubusercontent.com/servd/servd-specification/master/ServD_model.xmi","omg.org/spec/UML",
"https://raw.githubusercontent.com/shentok/marble/master/docs/projects/kml/KMLClasses.xmi","http://schema.omg.org/spec/UML",
"https://raw.githubusercontent.com/SIEGE/siege/master/misc/docs/SIEGE.xmi","http://schema.omg.org/spec/UML",
"https://raw.githubusercontent.com/telldus/telldus/master/xpl/data/uml.xmi","http://schema.omg.org/spec/UML",
"https://raw.githubusercontent.com/zherk/EcoFam/master/doc/clases.xmi","http://schema.omg.org/spec/UML",
"https://raw.githubusercontent.com/zsx/waf/master/docs/book/cls.xmi","http://schema.omg.org/spec/UML",
"https://raw.githubusercontent.com/agilebirds/openflexo/master/flexodesktop/externalmodels/flexocrazybean/src/main/java/test/uni.xmi","<XMI.exporter>Novosoft UML Library</XMI.exporter>",
"https://raw.githubusercontent.com/apache/poi/trunk/src/models/poi.xmi"," : <XMI.exporter>Novosoft UML Library</XMI.exporter>",
,,
,,
,,
"https://raw.githubusercontent.com/mvladk/dp2012/master/C12 Ex03 YuliaSinenko 314440009 VladimirKarpov 319512893/diagramms/AdapterClassDiagram.xmi",,"UML"
"https://raw.githubusercontent.com/mvladk/dp2012/master/C12 Ex03 YuliaSinenko 314440009 VladimirKarpov 319512893/diagramms/ClassAdapterSequenceDiagram.xmi",,"UML"
"https://raw.githubusercontent.com/mvladk/dp2012/master/C12 Ex03 YuliaSinenko 314440009 VladimirKarpov 319512893/diagramms/IteratorClassDiagram.xmi",,"UML"
"https://raw.githubusercontent.com/mvladk/dp2012/master/C12 Ex03 YuliaSinenko 314440009 VladimirKarpov 319512893/diagramms/ProxyClassDiagram.xmi",,"UML"
"https://raw.githubusercontent.com/mvladk/dp2012/master/C12 Ex03 YuliaSinenko 314440009 VladimirKarpov 319512893/diagramms/ProxySequenceDiagram.xmi",,"UML"
"https://raw.githubusercontent.com/mvladk/dp2012/master/C12 Ex03 YuliaSinenko 314440009 VladimirKarpov 319512893/diagramms/SingletonClassDiagram.xmi",,"UML"
"https://raw.githubusercontent.com/mvladk/dp2012/master/C12 Ex03 YuliaSinenko 314440009 VladimirKarpov 319512893/diagramms/SingletonSequenceDiagram.xmi",,"UML"
"https://raw.githubusercontent.com/mvladk/dp2012/master/C12 Ex03 YuliaSinenko 314440009 VladimirKarpov 319512893/diagramms/StrategyClassDiagram.xmi",,"UML"
"https://raw.githubusercontent.com/mvladk/dp2012/master/C12 Ex03 YuliaSinenko 314440009 VladimirKarpov 319512893/diagramms/StrategySequenceDiagram.xmi",,"UML"
"https://raw.githubusercontent.com/mvladk/dp2012/master/Finished Exercises/C12 Ex02 YuliaSinenko 314440009 VladimirKarpov 319512893/diagramms/AdapterClassDiagram.xmi",,"UML"
"https://raw.githubusercontent.com/mvladk/dp2012/master/Finished Exercises/C12 Ex02 YuliaSinenko 314440009 VladimirKarpov 319512893/diagramms/ClassAdapterSequenceDiagram.xmi",,"UML"
"https://raw.githubusercontent.com/mvladk/dp2012/master/Finished Exercises/C12 Ex02 YuliaSinenko 314440009 VladimirKarpov 319512893/diagramms/ProxyClassDiagram.xmi",,"UML"
"https://raw.githubusercontent.com/mvladk/dp2012/master/Finished Exercises/C12 Ex02 YuliaSinenko 314440009 VladimirKarpov 319512893/diagramms/ProxySequenceDiagram.xmi",,"UML"
"https://raw.githubusercontent.com/mvladk/dp2012/master/Finished Exercises/C12 Ex02 YuliaSinenko 314440009 VladimirKarpov 319512893/diagramms/SingletonClassDiagram.xmi",,"UML"
"https://raw.githubusercontent.com/mvladk/dp2012/master/Finished Exercises/C12 Ex02 YuliaSinenko 314440009 VladimirKarpov 319512893/diagramms/SingletonSequenceDiagram.xmi",,"UML"
"https://raw.githubusercontent.com/mvladk/dp2012/master/Finished Exercises/C12 Ex03 YuliaSinenko 314440009 VladimirKarpov 319512893/diagramms/AdapterClassDiagram.xmi",,"UML"
"https://raw.githubusercontent.com/mvladk/dp2012/master/Finished Exercises/C12 Ex03 YuliaSinenko 314440009 VladimirKarpov 319512893/diagramms/ClassAdapterSequenceDiagram.xmi",,"UML"
"https://raw.githubusercontent.com/mvladk/dp2012/master/Finished Exercises/C12 Ex03 YuliaSinenko 314440009 VladimirKarpov 319512893/diagramms/IteratorClassDiagram.xmi",,"UML"
"https://raw.githubusercontent.com/mvladk/dp2012/master/Finished Exercises/C12 Ex03 YuliaSinenko 314440009 VladimirKarpov 319512893/diagramms/ProxyClassDiagram.xmi",,"UML"
"https://raw.githubusercontent.com/mvladk/dp2012/master/Finished Exercises/C12 Ex03 YuliaSinenko 314440009 VladimirKarpov 319512893/diagramms/ProxySequenceDiagram.xmi",,"UML"
"https://raw.githubusercontent.com/mvladk/dp2012/master/Finished Exercises/C12 Ex03 YuliaSinenko 314440009 VladimirKarpov 319512893/diagramms/SingletonClassDiagram.xmi",,"UML"
"https://raw.githubusercontent.com/mvladk/dp2012/master/Finished Exercises/C12 Ex03 YuliaSinenko 314440009 VladimirKarpov 319512893/diagramms/SingletonSequenceDiagram.xmi",,"UML"
"https://raw.githubusercontent.com/mvladk/dp2012/master/Finished Exercises/C12 Ex03 YuliaSinenko 314440009 VladimirKarpov 319512893/diagramms/StrategyClassDiagram.xmi",,"UML"
"https://raw.githubusercontent.com/mvladk/dp2012/master/Finished Exercises/C12 Ex03 YuliaSinenko 314440009 VladimirKarpov 319512893/diagramms/StrategySequenceDiagram.xmi",,"UML"
"https://raw.githubusercontent.com/mvladk/dp2012/master/Finished Exercises/checked/C12 Ex02 YuliaSinenko 314440009 VladimirKarpov 319512893/diagramms/AdapterClassDiagram.xmi",,"UML"
"https://raw.githubusercontent.com/mvladk/dp2012/master/Finished Exercises/checked/C12 Ex02 YuliaSinenko 314440009 VladimirKarpov 319512893/diagramms/ClassAdapterSequenceDiagram.xmi",,"UML"
"https://raw.githubusercontent.com/mvladk/dp2012/master/Finished Exercises/checked/C12 Ex02 YuliaSinenko 314440009 VladimirKarpov 319512893/diagramms/ProxyClassDiagram.xmi",,"UML"
"https://raw.githubusercontent.com/mvladk/dp2012/master/Finished Exercises/checked/C12 Ex02 YuliaSinenko 314440009 VladimirKarpov 319512893/diagramms/ProxySequenceDiagram.xmi",,"UML"
"https://raw.githubusercontent.com/mvladk/dp2012/master/Finished Exercises/checked/C12 Ex02 YuliaSinenko 314440009 VladimirKarpov 319512893/diagramms/SingletonClassDiagram.xmi",,"UML"
"https://raw.githubusercontent.com/mvladk/dp2012/master/Finished Exercises/checked/C12 Ex02 YuliaSinenko 314440009 VladimirKarpov 319512893/diagramms/SingletonSequenceDiagram.xmi",,"UML"
"https://raw.githubusercontent.com/afarahi/QFT/master/Codes/AdS/First try/pyeq2/DesignAndDevelopment/pyeq2.xmi",,"UML"
